id,name,read,pattern,sequence,feature_type,library_pattern
C0251,BT1-TSC1-C0251,R2,5PNNNNNNNNNN(BC),GTCAACTCTTTAGCG,Antibody Capture,AdUp01
C0252,BT2-TSC2-C0252,R2,5PNNNNNNNNNN(BC),TGATGGCCTATTGGG,Antibody Capture,AdUp01
C0253,BT3-TSC3-C0253,R2,5PNNNNNNNNNN(BC),TTCCGCCTCTCTTTG,Antibody Capture,AdUp01
C0254,BT4-TSC4-C0254,R2,5PNNNNNNNNNN(BC),AGTAAGTTCAGCGTA,Antibody Capture,AdUp01
C0256,BT5-TSC6-C0256,R2,5PNNNNNNNNNN(BC),GGTTGCCAGATGTCA,Antibody Capture,AdUp01
C0257,BT7-TSC7-C0257,R2,5PNNNNNNNNNN(BC),TGTCTTTCCTGCCAG,Antibody Capture,AdUp01
C0258,BT8-TSC8-C0258,R2,5PNNNNNNNNNN(BC),CTCCTCTGCAATTAC,Antibody Capture,AdUp01
C0260,BN8-TSC10-C0260,R2,5PNNNNNNNNNN(BC),ATTGACCCGCGTTAG,Antibody Capture,AdUp01
C0251,BT9-TSC1-C0251,R2,5PNNNNNNNNNN(BC),GTCAACTCTTTAGCG,Antibody Capture,AdUp02
C0252,BT10-TSC2-C0252,R2,5PNNNNNNNNNN(BC),TGATGGCCTATTGGG,Antibody Capture,AdUp02
C0253,BT11-TSC3-C0253,R2,5PNNNNNNNNNN(BC),TTCCGCCTCTCTTTG,Antibody Capture,AdUp02
C0254,BT12-TSC4-C0254,R2,5PNNNNNNNNNN(BC),AGTAAGTTCAGCGTA,Antibody Capture,AdUp02
C0255,BT13-TSC5-C0255,R2,5PNNNNNNNNNN(BC),AAGTATCGTTTCGCA,Antibody Capture,AdUp02
C0256,BT14-TSC6-C0256,R2,5PNNNNNNNNNN(BC),GGTTGCCAGATGTCA,Antibody Capture,AdUp02
C0257,BT15-TSC7-C0257,R2,5PNNNNNNNNNN(BC),TGTCTTTCCTGCCAG,Antibody Capture,AdUp02
C0258,BT17_brain-TSC8-C0258,R2,5PNNNNNNNNNN(BC),CTCCTCTGCAATTAC,Antibody Capture,AdUp02
C0259,BT17_spinal-TSC9-C0259,R2,5PNNNNNNNNNN(BC),CAGTAGTCACGGTCA,Antibody Capture,AdUp02
C0260,BT18-TSC10-C0260,R2,5PNNNNNNNNNN(BC),ATTGACCCGCGTTAG,Antibody Capture,AdUp02
C0251,BT19-TSC1-C0251,R2,5PNNNNNNNNNN(BC),GTCAACTCTTTAGCG,Antibody Capture,AdUp04
C0252,BT20-TSC2-C0252,R2,5PNNNNNNNNNN(BC),TGATGGCCTATTGGG,Antibody Capture,AdUp04
C0253,BT21-TSC3-C0253,R2,5PNNNNNNNNNN(BC),TTCCGCCTCTCTTTG,Antibody Capture,AdUp04
C0254,BT22-TSC4-C0254,R2,5PNNNNNNNNNN(BC),AGTAAGTTCAGCGTA,Antibody Capture,AdUp04
C0255,BT23-TSC5-C0255,R2,5PNNNNNNNNNN(BC),AAGTATCGTTTCGCA,Antibody Capture,AdUp04
C0256,BT24-TSC6-C0256,R2,5PNNNNNNNNNN(BC),GGTTGCCAGATGTCA,Antibody Capture,AdUp04
C0257,BT25-TSC7-C0257,R2,5PNNNNNNNNNN(BC),TGTCTTTCCTGCCAG,Antibody Capture,AdUp04
C0258,BT26-TSC8-C0258,R2,5PNNNNNNNNNN(BC),CTCCTCTGCAATTAC,Antibody Capture,AdUp04
C0259,BT27-TSC9-C0259,R2,5PNNNNNNNNNN(BC),CAGTAGTCACGGTCA,Antibody Capture,AdUp04
